Workbook

Sheet Isolated
A8: Design Of Isolated Footing: | D8: Project Informations:
A9: Inputs
A10: Pile ID | C10: =AI!A1 -> 2
A11: Concrete fcu = | C11: =VLOOKUP(Isolated!C10,AI!A:AH,2,FALSE) -> 25 Mpa
A12: Steel fy = | C12: =VLOOKUP(Isolated!C10,AI!A:AH,3,FALSE) -> 360 Mpa
A13: Bearing capacity qall = | C13: =VLOOKUP(Isolated!C10,AI!A:AH,4,FALSE) -> 150 Kpa
A14: foot | B14: Column working load | D14: Column dim. | F14: Extension
B15: Nw | D15: b | E15: t | F15: of P.C
A16: F1 | B16: =VLOOKUP(Isolated!C10,AI!A:AH,5,FALSE) -> 376 kN | D16: =VLOOKUP(Isolated!C10,AI!A:AH,6,FALSE) -> 300 mm | E16: =VLOOKUP(Isolated!C10,AI!A:AH,7,FALSE) -> 400 mm | F16: =VLOOKUP(Isolated!C10,AI!A:AH,8,FALSE) -> 300 mm | H16: =VLOOKUP(Isolated!C10,AI!A:AI,35,FALSE) -> Working P.C
A17: Output
A19: Dims. of P.C : | C19: B | E19: L | G19: t
C20: =VLOOKUP(Isolated!C10,AI!A:AH,9,FALSE) -> 1500 mm | E20: =VLOOKUP(Isolated!C10,AI!A:AH,10,FALSE) -> 1600 mm | G20: =VLOOKUP(Isolated!C10,AI!A:AH,11,FALSE) -> 300 mm
A22: Dims. of R.C : | C22: B | E22: L | G22: t
C23: =VLOOKUP(Isolated!C10,AI!A:AH,12,FALSE) -> 900 mm | E23: =VLOOKUP(Isolated!C10,AI!A:AH,13,FALSE) -> 1000 mm | G23: =VLOOKUP(Isolated!C10,AI!A:AH,14,FALSE) -> 600 mm
A25: Actual soil stress | C25: Notes
A26: =VLOOKUP(Isolated!C10,AI!A:AH,15,FALSE) -> 140.275 kPa | C26: =VLOOKUP(Isolated!C10,AI!A:AH,16,FALSE) -> safe
A28: Stress above P.C
A29: =VLOOKUP(Isolated!C10,AI!A:AH,17,FALSE) -> 381.66666666667 kPa
A31: Shear stress | C31: qcu | F31: Notes
A32: =VLOOKUP(Isolated!C10,AI!A:AH,18,FALSE) -> 0.026 N/mm² | C32: =IF(A32>D32,">","<") -> < | D32: =VLOOKUP(Isolated!C10,AI!A:AH,19,FALSE) -> 0.65319726474218 N/mm² | F32: =VLOOKUP(Isolated!C10,AI!A:AH,20,FALSE) -> safe
A34: Punching stress | C34: qcup | F34: Notes
A35: =VLOOKUP(Isolated!C10,AI!A:AH,21,FALSE) -> 0.038 N/mm² | C35: =IF(A35>D35,">","<") -> < | D35: =VLOOKUP(Isolated!C10,AI!A:AH,22,FALSE) -> 1.6125807473323 N/mm² | F35: =VLOOKUP(Isolated!C10,AI!A:AH,23,FALSE) -> safe
A37: Calculation of Rft. : | C37: Asmin
C38: =VLOOKUP(Isolated!C10,AI!A:AH,24,FALSE) -> 795 mm²
A40: Long Direction : | C40: Mu | D40: As | E40: no. | F40: f | H40: total no.
C41: =VLOOKUP(Isolated!C10,AI!A:AH,25,FALSE) -> 24.75 | D41: =VLOOKUP(Isolated!C10,AI!A:AH,26,FALSE) -> 157.042 | E41: =VLOOKUP(Isolated!C10,AI!A:AH,27,FALSE) -> 5 | F41: =VLOOKUP(Isolated!C10,AI!A:AH,28,FALSE) | G41: /m | H41: =VLOOKUP(Isolated!C10,AI!A:AH,29,FALSE) -> 5
A42: Short Direction : | C42: Mu | D42: As | E42: no. | F42: f | H42: total no.
C43: =VLOOKUP(Isolated!C10,AI!A:AH,30,FALSE) -> 24.75 | D43: =VLOOKUP(Isolated!C10,AI!A:AH,31,FALSE) -> 157.042 | E43: =VLOOKUP(Isolated!C10,AI!A:AH,32,FALSE) -> 5 | F43: =VLOOKUP(Isolated!C10,AI!A:AH,33,FALSE) | G43: /m | H43: =VLOOKUP(Isolated!C10,AI!A:AH,34,FALSE) -> 6

Sheet AI
A1: 2 | B1: 25 Mpa | C1: 360 Mpa | D1: 150 Kpa | E1: 376 kN | F1: 300 mm | G1: 400 mm | H1: 300 mm | I1: 1500 mm | J1: 1600 mm | K1: 300 mm | L1: 900 mm | M1: 1000 mm | N1: 600 mm | O1: 140.275 kPa | P1: safe | Q1: 381.66666666667 kPa | R1: 0.026 N/mm² | S1: 0.65319726474218 N/mm² | T1: safe | U1: 0.038 N/mm² | V1: 1.6125807473323 N/mm² | W1: safe | X1: 795 mm² | Y1: 24.75 | Z1: 157.042 | AA1: 5 | AC1: 5 | AD1: 24.75 | AE1: 157.042 | AF1: 5 | AH1: 6 | AI1: Working P.C
